,ABT1overall,ABT2overall,DistALL_1,DistALL_2,DistALL_3,DistALL_4,DistALL_5,DistALL_6,DistALL_UVSD_d,DistALL_UVSD_s,DistALL_UVSD_x,Dist_1,Dist_2,Dist_3,Dist_4,Dist_5,Dist_6,Dist_UVSD_d,Dist_UVSD_s,Dist_UVSD_x,L1blink_1,L1blink_2,L1blink_3,L1blink_4,L1blink_5,L1blink_6,L1blink_UVSD_d,L1blink_UVSD_s,L1blink_UVSD_x,L1cor_1,L1cor_2,L1cor_3,L1cor_4,L1cor_5,L1cor_6,L1cor_UVSD_d,L1cor_UVSD_s,L1cor_UVSD_x,L5_1,L5_2,L5_3,L5_4,L5_5,L5_6,L5_UVSD_d,L5_UVSD_s,L5_UVSD_x,Lag1_T1A_T2A_T1,Lag1_T1A_T2A_T2,Lag1_T1A_T2A_T2_T1,Lag1_T1A_T2P_T1,Lag1_T1A_T2P_T2,Lag1_T1A_T2P_T2_T1,Lag1_T1P_T2A_T1,Lag1_T1P_T2A_T2,Lag1_T1P_T2A_T2_T1,Lag1_T1P_T2P_T1,Lag1_T1P_T2P_T2,Lag1_T1P_T2P_T2_T1,Lag5_T1A_T2A_T1,Lag5_T1A_T2A_T2,Lag5_T1A_T2A_T2_T1,Lag5_T1A_T2P_T1,Lag5_T1A_T2P_T2,Lag5_T1A_T2P_T2_T1,Lag5_T1P_T2A_T1,Lag5_T1P_T2A_T2,Lag5_T1P_T2A_T2_T1,Lag5_T1P_T2P_T1,Lag5_T1P_T2P_T2,Lag5_T1P_T2P_T2_T1,NovALL_1,NovALL_2,NovALL_3,NovALL_4,NovALL_5,NovALL_6,Nov_1,Nov_2,Nov_3,Nov_4,Nov_5,Nov_6,PP1T2_mem,PP1blink_mem,PP1cor_mem,PP1miss_mem,PP5cor_mem,T1Overall,T2Overall,TargALL_1,TargALL_2,TargALL_3,TargALL_4,TargALL_5,TargALL_6,TargALL_UVSD_d,TargALL_UVSD_s,TargALL_UVSD_x,distMem,distracter_mem,novel_mem,targMem,blinkMag
2022-06-28_15h27.56.947,0.7973856209150327,0.7679738562091504,15.0,12.0,4.0,9.0,4.0,8.0,0.7260939221392374,1.1304718570895964,9.250951217731517,15.0,12.0,4.0,9.0,4.0,8.0,0.726573221163517,1.1357520126181617,15.402375034346592,4.0,3.0,2.0,2.0,3.0,10.0,1.4163204584225824,1.3927548643992542,15.402375034346592,9.0,7.0,1.0,6.0,8.0,14.0,1.2307692463171427,1.3161344250429838,15.402375034346592,14.0,9.0,4.0,7.0,7.0,9.0,0.8368705042958873,1.2085100327690632,15.402375034346592,1.0,1.0,1.0,1.0,0.6785714285714286,0.6785714285714286,0.8571428571428571,0.8928571428571429,0.875,0.8160919540229885,0.6551724137931034,0.647887323943662,1.0,0.9,0.9,0.8620689655172413,0.5517241379310345,0.52,0.4642857142857143,0.8214285714285714,0.8461538461538461,0.7325581395348837,0.8837209302325582,0.8888888888888888,95.0,58.0,11.0,7.0,7.0,7.0,95.0,58.0,11.0,7.0,7.0,7.0,0.1,0.625,0.6222222222222222,0.0,0.59375,0.5981308411214953,0.5208333333333334,36.0,23.0,8.0,16.0,18.0,33.0,0.9468834468770596,1.3884489146976509,9.250951217731517,0.40384615384615385,0.40384615384615385,0.8864864864864865,0.5,0.24100156494522684
2022-06-28_16h39.33.399,0.9215686274509803,0.7222222222222222,7.0,4.0,8.0,1.0,1.0,31.0,2.0144692247809752,2.0489160527873005,7.978888565605997,7.0,4.0,8.0,1.0,1.0,31.0,2.0259644077147394,2.064186912843921,16.392758776049337,3.0,7.0,4.0,4.0,4.0,23.0,1.693298323862003,1.3692616018284676,16.392758776049337,2.0,9.0,7.0,4.0,1.0,14.0,1.286494995607812,1.1306684533721023,16.392758776049337,8.0,8.0,7.0,7.0,1.0,19.0,1.2511185031222407,1.4630346257880045,16.392758776049337,1.0,1.0,1.0,0.9642857142857143,0.6785714285714286,0.7037037037037037,0.8571428571428571,0.9285714285714286,0.9166666666666666,0.9655172413793104,0.47126436781609193,0.4523809523809524,0.8,1.0,1.0,1.0,0.5517241379310345,0.5517241379310345,0.7857142857142857,0.9285714285714286,0.9090909090909091,0.9069767441860465,0.8488372093023255,0.8589743589743589,78.0,54.0,37.0,9.0,0.0,7.0,78.0,54.0,37.0,9.0,0.0,7.0,0.0,0.6888888888888889,0.5135135135135135,,0.6486486486486487,0.6111111111111112,0.5421686746987951,15.0,24.0,18.0,15.0,6.0,56.0,1.4265662842012428,1.403759799531638,7.978888565605997,0.6346153846153846,0.6346153846153846,0.9135135135135135,0.5746268656716418,0.40659340659340654
2022-06-29_09h00.40.945,0.826797385620915,0.7941176470588235,4.0,0.0,1.0,0.0,6.0,41.0,2.2210923072971624,1.3137941576078649,7.610220812914769,4.0,0.0,1.0,0.0,6.0,41.0,2.205397106969614,1.2994071529595126,16.71464178394933,1.0,0.0,0.0,0.0,0.0,4.0,1.2739450685870746,1.0695031464528795,16.71464178394933,16.0,5.0,2.0,6.0,8.0,33.0,1.2628957863358141,1.2071757286415932,16.71464178394933,18.0,6.0,2.0,3.0,5.0,16.0,0.804784141458565,1.1710908493269299,16.71464178394933,0.8,0.6,0.5,0.7142857142857143,0.8928571428571429,0.85,0.75,0.35714285714285715,0.2857142857142857,0.896551724137931,0.9195402298850575,0.9358974358974359,0.6,0.4,0.3333333333333333,0.6206896551724138,0.8620689655172413,0.8888888888888888,0.8214285714285714,0.4642857142857143,0.43478260869565216,0.9186046511627907,0.9302325581395349,0.9493670886075949,119.0,21.0,9.0,14.0,7.0,15.0,119.0,21.0,9.0,14.0,7.0,15.0,0.42857142857142855,0.8,0.6714285714285714,0.5,0.46511627906976744,0.6115702479338843,0.592,39.0,12.0,4.0,10.0,15.0,54.0,1.0728337054962804,1.3033560473132135,7.610220812914769,0.9038461538461539,0.9038461538461539,0.8054054054054054,0.5895522388059702,0.013469652710158986
2022-06-29_10h01.10.225,0.8790849673202614,0.6928104575163399,0.0,19.0,9.0,10.0,1.0,13.0,0.9295562123676085,1.4640861108070804,8.829275806944768,0.0,19.0,9.0,10.0,1.0,13.0,0.9453536452922321,1.4900297646810292,15.633035601063927,0.0,4.0,2.0,1.0,2.0,18.0,2.513469454654672,2.3206069287719195,15.633035601063927,0.0,6.0,8.0,6.0,1.0,29.0,2.200438450558054,1.8910061951688684,15.633035601063927,0.0,9.0,7.0,8.0,2.0,24.0,1.8150607807331447,1.7555181805282778,15.633035601063927,0.9,1.0,1.0,1.0,0.5,0.5,0.8214285714285714,0.9285714285714286,0.9130434782608695,0.9080459770114943,0.6436781609195402,0.6455696202531646,1.0,1.0,1.0,1.0,0.4482758620689655,0.4482758620689655,0.7142857142857143,1.0,1.0,0.8255813953488372,0.6395348837209303,0.647887323943662,9.0,95.0,64.0,13.0,1.0,3.0,9.0,95.0,64.0,13.0,1.0,3.0,0.75,0.7777777777777778,0.72,0.0,0.7142857142857143,0.7394957983193278,0.7011494252873564,0.0,20.0,20.0,17.0,5.0,72.0,2.0638808582989476,1.7305658796360488,8.829275806944768,0.46153846153846156,0.46153846153846156,0.9081081081081082,0.7014925373134329,0.0023177036904974413
2022-06-29_10h58.31.945,0.9183006535947712,0.869281045751634,22.0,4.0,1.0,3.0,12.0,10.0,1.4220149678788039,0.7205260993988499,16.323161869911214,22.0,4.0,1.0,3.0,12.0,10.0,1.4214700626073515,0.7163510232448902,25.46465640419381,2.0,1.0,1.0,0.0,0.0,3.0,1.6121929459819353,0.6317870446469058,25.46465640419381,39.0,6.0,2.0,6.0,2.0,16.0,1.1387880212099324,1.0563399788234873,25.46465640419381,22.0,5.0,3.0,6.0,3.0,11.0,1.36412361035952,0.7519890682149509,25.46465640419381,1.0,0.9,0.9,0.9642857142857143,0.9285714285714286,0.9259259259259259,0.8928571428571429,0.8214285714285714,0.8,0.9195402298850575,0.9080459770114943,0.9125,1.0,0.7,0.7,0.9655172413793104,0.7586206896551724,0.75,0.75,0.9285714285714286,0.9047619047619048,0.9302325581395349,0.8604651162790697,0.85,168.0,5.0,4.0,3.0,1.0,4.0,168.0,5.0,4.0,3.0,1.0,4.0,0.2,0.42857142857142855,0.3380281690140845,0.0,0.4444444444444444,0.3821138211382114,0.3559322033898305,68.0,12.0,6.0,13.0,5.0,30.0,1.2073516413282572,0.9740978405576398,16.323161869911214,0.4807692307692308,0.4807692307692308,0.9567567567567568,0.3582089552238806,-0.0625
2022-06-29_12h25.08.771,0.8529411764705882,0.8202614379084967,7.0,2.0,2.0,4.0,7.0,30.0,1.1443038237064718,0.9627394893006834,7.355141386801397,7.0,2.0,2.0,4.0,7.0,30.0,1.1401881324997076,0.9541618552010513,16.02547114681946,4.0,2.0,2.0,3.0,3.0,15.0,0.9468924577696761,0.8358678442677069,16.02547114681946,6.0,3.0,1.0,3.0,5.0,24.0,1.1008019066678523,0.981037644281973,16.02547114681946,7.0,2.0,2.0,1.0,14.0,24.0,0.9839758930377025,0.7736463804681507,16.02547114681946,0.9,1.0,1.0,0.8928571428571429,0.75,0.76,0.75,0.8928571428571429,0.9047619047619048,0.8390804597701149,0.632183908045977,0.6027397260273972,1.0,0.9,0.9,0.9655172413793104,0.7931034482758621,0.7857142857142857,0.7142857142857143,1.0,1.0,0.872093023255814,0.9302325581395349,0.9333333333333333,99.0,27.0,8.0,7.0,16.0,28.0,99.0,27.0,8.0,7.0,16.0,28.0,0.5,0.7241379310344828,0.7619047619047619,0.3333333333333333,0.8717948717948718,0.7787610619469026,0.7474747474747475,23.0,8.0,5.0,10.0,24.0,64.0,0.9894167989298378,0.9272718209911974,7.355141386801397,0.7884615384615384,0.7884615384615384,0.7243243243243244,0.7313432835820896,0.3305936073059361
2022-06-29_13h55.44.897,0.8594771241830066,0.7026143790849673,18.0,9.0,6.0,5.0,2.0,12.0,0.7750004861287937,1.0933492183711826,4.685175111982384,18.0,9.0,6.0,5.0,2.0,12.0,0.7750117946619315,1.0983479073977434,9.215235918476102,7.0,1.0,1.0,1.0,2.0,13.0,1.4602956535361573,1.7185774508392355,9.215235918476102,15.0,4.0,2.0,2.0,4.0,25.0,1.415201829567844,1.8481646446230302,9.215235918476102,14.0,7.0,3.0,5.0,6.0,15.0,1.028889649948432,1.140222480141596,9.215235918476102,0.9,0.4,0.4444444444444444,0.9642857142857143,0.8571428571428571,0.8518518518518519,0.7857142857142857,0.5714285714285714,0.6363636363636364,0.9080459770114943,0.6781609195402298,0.6708860759493671,1.0,0.1,0.1,0.9310344827586207,0.7586206896551724,0.7777777777777778,0.7142857142857143,0.4642857142857143,0.5,0.8023255813953488,0.8837209302325582,0.8695652173913043,116.0,34.0,12.0,9.0,4.0,10.0,116.0,34.0,12.0,9.0,4.0,10.0,0.3333333333333333,0.64,0.5961538461538461,0.0,0.59375,0.6173913043478261,0.5490196078431373,38.0,13.0,8.0,9.0,12.0,54.0,1.229551726604694,1.5501260439182953,4.685175111982384,0.36538461538461536,0.36538461538461536,0.8756756756756757,0.5597014925373134,0.1986791414419372
2022-06-29_16h26.54.527,0.803921568627451,0.6274509803921569,1.0,14.0,6.0,2.0,8.0,21.0,1.581888488314841,1.3606859813570293,11.21198496971202,1.0,14.0,6.0,2.0,8.0,21.0,1.5910045233416967,1.3731943781260705,22.593156902340993,2.0,5.0,3.0,4.0,7.0,20.0,1.8982974293091346,1.5260331015803745,22.593156902340993,2.0,8.0,4.0,3.0,9.0,6.0,1.1669006047194648,1.1352896866269941,22.593156902340993,4.0,22.0,1.0,5.0,6.0,12.0,0.9808290853596525,1.3496436108105136,22.593156902340993,0.9,0.8,0.7777777777777778,0.9285714285714286,0.5714285714285714,0.5769230769230769,0.6785714285714286,0.8571428571428571,0.8421052631578947,0.8505747126436781,0.47126436781609193,0.43243243243243246,0.9,0.9,0.8888888888888888,0.9655172413793104,0.5862068965517241,0.6071428571428571,0.6428571428571429,0.8214285714285714,0.7777777777777778,0.7325581395348837,0.627906976744186,0.6507936507936508,53.0,85.0,29.0,6.0,10.0,2.0,53.0,85.0,29.0,6.0,10.0,2.0,0.4444444444444444,0.7560975609756098,0.5625,0.0,0.5454545454545454,0.6111111111111112,0.5342465753424658,10.0,38.0,10.0,13.0,24.0,39.0,1.2842317549228508,1.3666818427121263,11.21198496971202,0.5961538461538461,0.5961538461538461,0.9027027027027027,0.5671641791044776,0.21836121836121836
2022-06-30_09h08.37.319,0.9150326797385621,0.8202614379084967,12.0,3.0,7.0,3.0,1.0,26.0,1.6815944687260305,1.1239644453801751,8.767043331138238,12.0,3.0,7.0,3.0,1.0,26.0,1.6867799106826835,1.1387019625775818,15.49436964785524,8.0,0.0,2.0,2.0,1.0,9.0,1.4147315184748002,1.1594028738094437,15.49436964785524,24.0,2.0,3.0,2.0,0.0,26.0,1.3938952433474603,2.1874606488798847,15.49436964785524,15.0,0.0,5.0,3.0,1.0,26.0,1.739525266922488,1.5495957184174918,15.49436964785524,1.0,0.9,0.9,0.9642857142857143,0.7857142857142857,0.7777777777777778,0.8571428571428571,0.9642857142857143,0.9583333333333334,0.9310344827586207,0.735632183908046,0.7283950617283951,1.0,1.0,1.0,0.9310344827586207,0.6896551724137931,0.6666666666666666,0.8571428571428571,0.9285714285714286,0.9166666666666666,0.8953488372093024,0.8488372093023255,0.8701298701298701,150.0,16.0,11.0,0.0,0.0,8.0,150.0,16.0,11.0,0.0,0.0,8.0,0.0,0.5454545454545454,0.49122807017543857,0.0,0.6571428571428571,0.5691056910569106,0.52,50.0,3.0,11.0,7.0,2.0,61.0,1.5140089043088312,1.9366013960909154,8.767043331138238,0.5769230769230769,0.5769230769230769,0.9567567567567568,0.5223880597014925,0.141734808401475
2022-06-30_10h36.41.165,0.9215686274509803,0.7908496732026143,10.0,11.0,1.0,12.0,4.0,14.0,1.0749929266067573,0.9188495777194969,15.413326745134965,10.0,11.0,1.0,12.0,4.0,14.0,1.0752937861932435,0.9161373412516306,23.62055102994923,3.0,1.0,0.0,2.0,6.0,13.0,1.6351429944212077,1.063226009534742,23.62055102994923,12.0,5.0,5.0,8.0,7.0,17.0,1.1685255076478978,1.0585592967111281,23.62055102994923,14.0,4.0,1.0,3.0,7.0,21.0,1.3199065410076078,1.58066727542573,23.62055102994923,1.0,1.0,1.0,1.0,0.8214285714285714,0.8214285714285714,0.8928571428571429,0.9642857142857143,0.96,0.9310344827586207,0.6896551724137931,0.6790123456790124,1.0,0.9,0.9,0.9655172413793104,0.6551724137931034,0.6785714285714286,0.6785714285714286,0.8571428571428571,0.8947368421052632,0.9418604651162791,0.813953488372093,0.8271604938271605,116.0,39.0,2.0,10.0,10.0,8.0,116.0,39.0,2.0,10.0,10.0,8.0,0.2,0.84,0.5925925925925926,,0.6923076923076923,0.6854838709677419,0.6039603960396039,33.0,10.0,6.0,14.0,20.0,51.0,1.3081181279980494,1.3644471882244458,15.413326745134965,0.5769230769230769,0.5769230769230769,0.8486486486486486,0.6343283582089553,0.14814814814814814
2022-06-30_11h30.37.978,0.934640522875817,0.7973856209150327,22.0,4.0,2.0,6.0,6.0,12.0,1.4354751352916806,1.3279570971818289,2.761098148877503,22.0,4.0,2.0,6.0,6.0,12.0,1.4354966102461224,1.3202008676863137,7.101770308585557,3.0,1.0,1.0,5.0,5.0,17.0,2.353638222847359,1.0056571521985571,7.101770308585557,14.0,4.0,2.0,7.0,9.0,12.0,1.7236222317634318,1.0412424282633195,7.101770308585557,18.0,6.0,3.0,4.0,7.0,12.0,1.554802297816961,1.1798185388803208,7.101770308585557,1.0,1.0,1.0,0.9642857142857143,0.75,0.7407407407407407,0.8571428571428571,1.0,1.0,0.9425287356321839,0.6206896551724138,0.6097560975609756,1.0,1.0,1.0,1.0,0.6551724137931034,0.6551724137931034,0.8214285714285714,0.9285714285714286,0.9130434782608695,0.9418604651162791,0.8837209302325582,0.8888888888888888,163.0,12.0,4.0,3.0,2.0,1.0,163.0,12.0,4.0,3.0,2.0,1.0,0.0,0.84375,0.5833333333333334,0.0,0.4878048780487805,0.6171875,0.5263157894736842,38.0,12.0,6.0,16.0,21.0,41.0,1.804904366975835,1.2199456459114681,2.761098148877503,0.46153846153846156,0.46153846153846156,0.9675675675675676,0.582089552238806,0.27913279132791324
2022-06-30_12h37.33.852,0.9052287581699346,0.7320261437908496,12.0,8.0,2.0,6.0,5.0,19.0,1.2152054101248302,1.1574641205041896,4.822633728740963,12.0,8.0,2.0,6.0,5.0,19.0,1.2150396491933455,1.1564142828930506,9.907741165261875,1.0,0.0,4.0,3.0,6.0,26.0,1.8610921082514535,0.8094546049301872,9.907741165261875,3.0,3.0,3.0,4.0,6.0,19.0,1.5872427784141112,0.8956051545412661,9.907741165261875,11.0,5.0,5.0,4.0,4.0,21.0,1.332465177701933,1.2439006785511248,9.907741165261875,1.0,1.0,1.0,0.9642857142857143,0.6071428571428571,0.6296296296296297,0.8214285714285714,0.9642857142857143,0.9565217391304348,0.9195402298850575,0.5287356321839081,0.4875,1.0,1.0,1.0,0.9655172413793104,0.6551724137931034,0.6785714285714286,0.8214285714285714,1.0,1.0,0.8837209302325582,0.7790697674418605,0.8026315789473685,120.0,29.0,13.0,10.0,4.0,9.0,120.0,29.0,13.0,10.0,4.0,9.0,0.3333333333333333,0.875,0.7631578947368421,,0.6551724137931034,0.773109243697479,0.6666666666666666,16.0,11.0,12.0,12.0,17.0,66.0,1.6281164173197802,1.0714847222753532,4.822633728740963,0.5769230769230769,0.5769230769230769,0.8756756756756757,0.7089552238805971,0.3151315789473685
2022-06-30_15h07.06.222,0.7352941176470589,0.5718954248366013,3.0,4.0,11.0,13.0,3.0,18.0,0.9894299612992528,1.2965991937984451,9.173636305395972,3.0,4.0,11.0,13.0,3.0,18.0,0.9917477146431416,1.301431202573846,19.874641138381158,1.0,4.0,10.0,9.0,5.0,18.0,1.1235618544201895,1.2314598631166644,19.874641138381158,0.0,4.0,3.0,6.0,1.0,6.0,0.8249337822118997,1.189348012531674,19.874641138381158,1.0,9.0,17.0,4.0,5.0,14.0,0.736261377392753,1.1944010621688894,19.874641138381158,0.9,1.0,1.0,0.8571428571428571,0.6071428571428571,0.625,0.6785714285714286,0.8214285714285714,0.7894736842105263,0.7931034482758621,0.3563218390804598,0.30434782608695654,1.0,0.8,0.8,0.8620689655172413,0.3793103448275862,0.44,0.5,0.8214285714285714,0.9285714285714286,0.6395348837209303,0.6046511627906976,0.6,29.0,39.0,71.0,26.0,11.0,9.0,29.0,39.0,71.0,26.0,11.0,9.0,0.6666666666666666,0.6808510638297872,0.65,0.75,0.6666666666666666,0.6568627450980392,0.5964912280701754,2.0,18.0,34.0,27.0,12.0,41.0,0.9312668118319155,1.1202663451952304,9.173636305395972,0.6538461538461539,0.6538461538461539,0.7513513513513513,0.5970149253731343,0.29565217391304344
2022-06-30_16h08.59.712,0.8627450980392157,0.6437908496732027,1.0,17.0,18.0,9.0,4.0,3.0,0.2753656971858694,0.9229007859550032,6.984091719403439,1.0,17.0,18.0,9.0,4.0,3.0,0.2743410070919727,0.92642697524462,10.26988772192574,1.0,11.0,10.0,6.0,5.0,22.0,1.1226911034008789,1.5224083554947376,10.26988772192574,0.0,7.0,2.0,2.0,1.0,7.0,0.8048831020971011,1.5742332595648396,10.26988772192574,0.0,12.0,9.0,8.0,7.0,14.0,0.8746085445374947,1.2303476554739983,10.26988772192574,1.0,0.8,0.8,0.9642857142857143,0.6428571428571429,0.6296296296296297,0.7857142857142857,0.9642857142857143,1.0,0.8735632183908046,0.27586206896551724,0.25,0.9,0.5,0.5555555555555556,1.0,0.5517241379310345,0.5517241379310345,0.6785714285714286,0.9642857142857143,0.9473684210526315,0.8372093023255814,0.8372093023255814,0.8611111111111112,13.0,74.0,54.0,22.0,15.0,7.0,13.0,74.0,54.0,22.0,15.0,7.0,0.75,0.6,0.5263157894736842,0.5,0.5897435897435898,0.576271186440678,0.5846153846153846,1.0,32.0,23.0,16.0,16.0,46.0,1.009532725761009,1.354562322451254,6.984091719403439,0.3076923076923077,0.3076923076923077,0.7621621621621621,0.582089552238806,0.6111111111111112
2022-07-01_10h00.03.424,0.8856209150326797,0.6993464052287581,4.0,6.0,11.0,14.0,11.0,6.0,1.3147689718848323,1.0333725764244006,10.399525506454221,4.0,6.0,11.0,14.0,11.0,6.0,1.3121021440082332,1.0302090421937453,25.449754806771384,4.0,8.0,3.0,3.0,14.0,19.0,1.9155623154421884,1.6287698879889603,25.449754806771384,0.0,5.0,4.0,7.0,8.0,0.0,1.2789625470301436,0.7904547421575233,25.449754806771384,0.0,11.0,11.0,6.0,8.0,14.0,1.5986768331627945,1.1853815939964971,25.449754806771384,1.0,1.0,1.0,0.9642857142857143,0.75,0.7777777777777778,0.8214285714285714,0.9642857142857143,0.9565217391304348,0.8850574712643678,0.3793103448275862,0.3246753246753247,1.0,1.0,1.0,1.0,0.5862068965517241,0.5862068965517241,0.6785714285714286,1.0,1.0,0.8837209302325582,0.7906976744186046,0.8157894736842105,69.0,74.0,20.0,17.0,4.0,1.0,69.0,74.0,20.0,17.0,4.0,1.0,0.5714285714285714,0.7058823529411765,0.625,0.0,0.6666666666666666,0.6779661016949152,0.6060606060606061,7.0,25.0,19.0,17.0,32.0,34.0,1.6118325312715707,1.2785476432202765,10.399525506454221,0.5961538461538461,0.5961538461538461,0.8810810810810811,0.6194029850746269,0.49111414900888584
2022-07-01_12h27.38.741,0.7908496732026143,0.5620915032679739,20.0,0.0,2.0,0.0,1.0,29.0,1.144232120382404,1.3694444641910724,8.29535717886568,20.0,0.0,2.0,0.0,1.0,29.0,1.147756627692455,1.381672975371106,13.332300252352777,18.0,0.0,3.0,1.0,0.0,23.0,1.0065716431038698,1.0736594979556284,13.332300252352777,9.0,0.0,0.0,1.0,0.0,12.0,1.0091866959764162,0.9406539392815115,13.332300252352777,16.0,0.0,5.0,1.0,0.0,28.0,1.1239650497288356,0.9128303215976884,13.332300252352777,1.0,0.8,0.8,0.8928571428571429,0.35714285714285715,0.32,0.7142857142857143,0.9642857142857143,1.0,0.7931034482758621,0.3333333333333333,0.3333333333333333,1.0,1.0,1.0,0.7931034482758621,0.4482758620689655,0.34782608695652173,0.5714285714285714,0.8571428571428571,0.875,0.8023255813953488,0.5930232558139535,0.6376811594202898,141.0,1.0,16.0,1.0,0.0,26.0,141.0,1.0,16.0,1.0,0.0,26.0,0.2,0.5333333333333333,0.5909090909090909,0.3333333333333333,0.5833333333333334,0.5925925925925926,0.5178571428571429,51.0,2.0,10.0,4.0,0.0,67.0,1.0374782646069785,1.1683634859894785,8.29535717886568,0.5769230769230769,0.5769230769230769,0.8540540540540541,0.5298507462686567,0.3043478260869565
2022-07-01_14h29.26.291,0.9019607843137255,0.6993464052287581,2.0,2.0,3.0,8.0,11.0,26.0,1.8554745360683988,1.0909385984968625,16.7465334687003,2.0,2.0,3.0,8.0,11.0,26.0,1.8462330396736957,1.079362178638765,24.07090272130001,1.0,5.0,6.0,7.0,7.0,19.0,1.596009101403326,1.0360334175975323,24.07090272130001,3.0,5.0,4.0,3.0,4.0,13.0,1.428028340017059,1.349206217390789,24.07090272130001,7.0,16.0,2.0,5.0,5.0,15.0,1.0487002678614123,1.3705099522815847,24.07090272130001,1.0,1.0,1.0,1.0,0.7142857142857143,0.7142857142857143,0.9285714285714286,1.0,1.0,0.9080459770114943,0.45977011494252873,0.4050632911392405,1.0,1.0,1.0,0.9655172413793104,0.6896551724137931,0.7142857142857143,0.6071428571428571,0.9642857142857143,0.9411764705882353,0.9069767441860465,0.686046511627907,0.7051282051282052,74.0,62.0,22.0,20.0,0.0,7.0,74.0,62.0,22.0,20.0,0.0,7.0,0.5714285714285714,0.7333333333333333,0.625,,0.6071428571428571,0.6446280991735537,0.5915492957746479,11.0,28.0,13.0,16.0,19.0,47.0,1.3764008421746916,1.2540688101601396,16.7465334687003,0.8653846153846154,0.8653846153846154,0.8540540540540541,0.6119402985074627,0.3000649139889647
2022-07-01_16h01.59.492,0.8529411764705882,0.6568627450980392,0.0,10.0,3.0,7.0,14.0,18.0,1.5619736351685698,1.2397769897257425,16.670132982851456,0.0,10.0,3.0,7.0,14.0,18.0,1.5808311993365185,1.2625306185599,21.410423934052215,3.0,4.0,2.0,3.0,16.0,17.0,1.7194070616987396,1.4854590045910625,21.410423934052215,3.0,6.0,5.0,3.0,10.0,7.0,1.1048616655452344,1.3278134304851577,21.410423934052215,7.0,11.0,9.0,4.0,12.0,7.0,0.7876487791649631,1.3260070340780625,21.410423934052215,1.0,1.0,1.0,0.8928571428571429,0.6071428571428571,0.64,0.8214285714285714,0.9285714285714286,0.9130434782608695,0.9310344827586207,0.4367816091954023,0.43209876543209874,0.9,1.0,1.0,0.9655172413793104,0.6551724137931034,0.6428571428571429,0.6785714285714286,0.9285714285714286,0.9473684210526315,0.7674418604651163,0.6395348837209303,0.6515151515151515,49.0,67.0,34.0,23.0,8.0,4.0,49.0,67.0,34.0,23.0,8.0,4.0,0.3333333333333333,0.8,0.5882352941176471,0.0,0.6086956521739131,0.6782608695652174,0.5142857142857142,13.0,25.0,16.0,10.0,39.0,31.0,1.167952785110478,1.3924317977609288,16.670132982851456,0.75,0.75,0.8108108108108109,0.5970149253731343,0.21941638608305275
2022-07-01_17h04.12.064,0.8627450980392157,0.6111111111111112,4.0,28.0,13.0,0.0,0.0,7.0,0.4397224850668712,1.2865946104903188,12.887198244069225,4.0,28.0,13.0,0.0,0.0,7.0,0.44891568724598935,1.308921330048424,15.512648304297842,2.0,18.0,14.0,0.0,0.0,11.0,0.9194818679687805,1.4392807891714163,15.512648304297842,1.0,13.0,7.0,0.0,0.0,6.0,0.8091069384485633,1.4266885748338531,15.512648304297842,7.0,19.0,15.0,0.0,1.0,8.0,0.5318044344080531,1.5568251023723252,15.512648304297842,1.0,0.6,0.6,1.0,0.6428571428571429,0.6428571428571429,0.8214285714285714,0.8571428571428571,0.8695652173913043,0.8505747126436781,0.40229885057471265,0.36486486486486486,1.0,0.7,0.7,0.9310344827586207,0.5517241379310345,0.5185185185185185,0.7857142857142857,0.7857142857142857,0.7727272727272727,0.813953488372093,0.686046511627907,0.6428571428571429,26.0,101.0,56.0,1.0,1.0,0.0,26.0,101.0,56.0,1.0,1.0,0.0,0.0,0.24444444444444444,0.2222222222222222,0.2,0.2,0.22727272727272727,0.17391304347826086,11.0,56.0,40.0,0.0,1.0,26.0,0.6676858049298899,1.4076035806463048,12.887198244069225,0.1346153846153846,0.1346153846153846,0.9891891891891892,0.20149253731343283,0.27799227799227805
2022-07-04_12h57.51.341,0.8888888888888888,0.7483660130718954,14.0,8.0,2.0,6.0,5.0,17.0,1.064583456039246,1.6102671738022223,4.7485176850979895,14.0,8.0,2.0,6.0,5.0,17.0,1.0663238713404801,1.615935533031114,13.302727368069185,3.0,1.0,1.0,5.0,1.0,23.0,2.2787958066495713,1.7065608753298303,13.302727368069185,3.0,5.0,4.0,4.0,7.0,20.0,1.647517603306248,1.1592583378365031,13.302727368069185,7.0,5.0,5.0,2.0,5.0,26.0,1.7673296467714399,1.653451158685616,13.302727368069185,1.0,1.0,1.0,1.0,0.75,0.75,0.6071428571428571,0.9642857142857143,0.9411764705882353,0.9080459770114943,0.5747126436781609,0.5569620253164557,1.0,0.9,0.9,0.9655172413793104,0.6551724137931034,0.6428571428571429,0.7857142857142857,0.9642857142857143,0.9545454545454546,0.9069767441860465,0.7674418604651163,0.7692307692307693,94.0,50.0,18.0,10.0,7.0,6.0,94.0,50.0,18.0,10.0,7.0,6.0,0.0,0.8529411764705882,0.7209302325581395,0.0,0.75,0.775,0.6627906976744186,16.0,12.0,13.0,11.0,13.0,69.0,1.838076114003028,1.5472849686272345,4.7485176850979895,0.5384615384615384,0.5384615384615384,0.8756756756756757,0.6940298507462687,0.2122687439143136
2022-07-04_13h57.02.679,0.8758169934640523,0.565359477124183,4.0,15.0,10.0,5.0,18.0,0.0,1.1021814128968555,1.0623192303603854,11.32338042789069,4.0,15.0,10.0,5.0,18.0,0.0,1.0984119036801578,1.0518748862013565,18.467364927367164,7.0,12.0,9.0,9.0,7.0,0.0,0.805989368739677,1.0532057501245358,18.467364927367164,6.0,3.0,8.0,3.0,8.0,0.0,0.9352807756730664,1.2636815647824478,18.467364927367164,8.0,15.0,12.0,6.0,9.0,0.0,0.7619132861164559,1.0577780932217784,18.467364927367164,0.9,1.0,1.0,1.0,0.32142857142857145,0.32142857142857145,0.8214285714285714,0.9285714285714286,0.9130434782608695,0.8505747126436781,0.41379310344827586,0.3783783783783784,0.8,1.0,1.0,0.9655172413793104,0.3103448275862069,0.32142857142857145,0.7857142857142857,1.0,1.0,0.8837209302325582,0.5232558139534884,0.5526315789473685,74.0,64.0,28.0,14.0,5.0,0.0,74.0,64.0,28.0,14.0,5.0,0.0,0.14285714285714285,0.36363636363636365,0.39285714285714285,0.0,0.3333333333333333,0.3706896551724138,0.34375,25.0,36.0,30.0,19.0,24.0,0.0,0.7115836046791058,1.0550713219353185,11.32338042789069,0.4423076923076923,0.4423076923076923,0.8972972972972973,0.3208955223880597,0.17425320056899007
2022-07-04_15h04.29.055,0.8888888888888888,0.6503267973856209,17.0,1.0,5.0,11.0,6.0,12.0,1.3015743578571535,1.2443810897841832,7.0950626895423925,17.0,1.0,5.0,11.0,6.0,12.0,1.2972180396148663,1.23151784959123,16.774428611615853,8.0,1.0,7.0,3.0,4.0,27.0,2.137661588527883,1.5753141875954728,16.774428611615853,6.0,1.0,2.0,5.0,4.0,12.0,1.7447004402962891,1.2516929193163204,16.774428611615853,14.0,5.0,5.0,8.0,2.0,16.0,1.4043750095616083,1.3644091989988762,16.774428611615853,0.9,0.8,0.7777777777777778,0.9642857142857143,0.7142857142857143,0.7037037037037037,0.8928571428571429,0.9642857142857143,0.96,0.9425287356321839,0.40229885057471265,0.36585365853658536,1.0,0.6,0.6,0.8275862068965517,0.5517241379310345,0.625,0.7142857142857143,0.8571428571428571,0.95,0.872093023255814,0.7325581395348837,0.7333333333333333,138.0,13.0,22.0,7.0,2.0,3.0,138.0,13.0,22.0,7.0,2.0,3.0,0.5,0.68,0.7,,0.6551724137931034,0.6639344262295082,0.6231884057971014,30.0,7.0,14.0,17.0,11.0,55.0,1.7748398594651207,1.5303598877553786,7.0950626895423925,0.5576923076923077,0.5576923076923077,0.9351351351351351,0.6194029850746269,0.3674796747967479
2022-07-05_10h02.02.762,0.9117647058823529,0.7581699346405228,23.0,7.0,7.0,2.0,2.0,11.0,0.8137632279270409,1.5252935734901845,14.625964830685856,23.0,7.0,7.0,2.0,2.0,11.0,0.8140979825952506,1.4984476350586236,17.459295901749783,2.0,0.0,0.0,3.0,5.0,18.0,2.3461411650732154,1.2102666966414795,17.459295901749783,11.0,4.0,0.0,3.0,5.0,26.0,2.099235619348133,2.0057170051502275,17.459295901749783,5.0,5.0,3.0,7.0,8.0,22.0,1.8847212313132469,1.0947877979231522,17.459295901749783,0.9,1.0,1.0,1.0,0.6428571428571429,0.6428571428571429,0.8571428571428571,1.0,1.0,0.9080459770114943,0.6206896551724138,0.6329113924050633,1.0,1.0,1.0,0.9655172413793104,0.6551724137931034,0.6785714285714286,0.8571428571428571,0.9642857142857143,0.9583333333333334,0.8953488372093024,0.7674418604651163,0.7402597402597403,133.0,27.0,6.0,13.0,4.0,2.0,133.0,27.0,6.0,13.0,4.0,2.0,0.0,0.9285714285714286,0.6938775510204082,0.25,0.8275862068965517,0.8083333333333333,0.6818181818181818,24.0,9.0,3.0,14.0,18.0,66.0,2.101614864568954,1.6536436019941116,14.625964830685856,0.28846153846153844,0.28846153846153844,0.8972972972972973,0.7313432835820896,0.10734834785467695
2022-07-05_12h23.41.314,0.7941176470588235,0.32679738562091504,2.0,7.0,13.0,9.0,19.0,2.0,0.27784271865296106,0.9011639225446413,4.304372116935641,2.0,7.0,13.0,9.0,19.0,2.0,0.2778971303167808,0.9024522196556833,16.868367710414567,6.0,9.0,8.0,9.0,19.0,13.0,0.5180636221249001,1.366543897875545,16.868367710414567,0.0,0.0,1.0,3.0,1.0,0.0,0.23876330590384406,0.9714583286317832,16.868367710414567,4.0,6.0,9.0,11.0,13.0,7.0,0.3665787475285915,1.1638269324516668,16.868367710414567,0.8,1.0,1.0,0.6785714285714286,0.07142857142857142,0.10526315789473684,0.75,0.9642857142857143,1.0,0.8275862068965517,0.13793103448275862,0.08333333333333333,0.9,0.9,0.8888888888888888,0.8275862068965517,0.20689655172413793,0.25,0.7142857142857143,0.9285714285714286,0.9,0.813953488372093,0.09302325581395349,0.08571428571428572,22.0,34.0,39.0,40.0,42.0,8.0,22.0,34.0,39.0,40.0,42.0,8.0,0.16666666666666666,0.640625,0.8,0.5555555555555556,0.25,0.6666666666666666,0.5,11.0,17.0,24.0,27.0,35.0,20.0,0.3893716017363728,1.1728505475914879,4.304372116935641,0.5769230769230769,0.5769230769230769,0.5135135135135135,0.6119402985074627,0.0023809523809523864
2022-07-05_13h30.03.579,0.803921568627451,0.5784313725490197,37.0,3.0,2.0,3.0,1.0,6.0,0.4457590092091141,1.3372984976244826,1.9713477790384502,37.0,3.0,2.0,3.0,1.0,6.0,0.4474547870030835,1.3338105998532834,9.774627237798565,15.0,1.0,1.0,4.0,6.0,23.0,1.818692201179205,1.3939261968201775,9.774627237798565,8.0,1.0,2.0,2.0,1.0,6.0,1.385399267235777,1.0301056904244663,9.774627237798565,22.0,5.0,1.0,3.0,3.0,16.0,1.2873281483961685,1.4252931448284334,9.774627237798565,1.0,1.0,1.0,0.9642857142857143,0.35714285714285715,0.3333333333333333,0.6071428571428571,1.0,1.0,0.8275862068965517,0.3218390804597701,0.2916666666666667,1.0,1.0,1.0,0.9655172413793104,0.3793103448275862,0.39285714285714285,0.5357142857142857,0.9642857142857143,1.0,0.7790697674418605,0.6162790697674418,0.6417910447761194,159.0,9.0,6.0,5.0,3.0,3.0,159.0,9.0,6.0,5.0,3.0,3.0,0.0,0.66,0.45,0.14285714285714285,0.5,0.5818181818181818,0.375,57.0,7.0,5.0,9.0,10.0,46.0,1.3486706220773255,1.6548578578776674,1.9713477790384502,0.19230769230769232,0.19230769230769232,0.9405405405405406,0.48507462686567165,0.3501243781094527
2022-07-05_14h28.29.768,0.8954248366013072,0.7875816993464052,19.0,8.0,8.0,0.0,5.0,12.0,0.9875080391952977,1.0236242366236268,8.595744561287724,19.0,8.0,8.0,0.0,5.0,12.0,0.9877333615099542,1.0286357705939049,14.404824500178773,3.0,1.0,3.0,3.0,1.0,6.0,1.3748396399223954,0.7929102032836448,14.404824500178773,8.0,4.0,4.0,4.0,5.0,36.0,1.9497595491082989,1.2211530161652022,14.404824500178773,12.0,5.0,6.0,4.0,7.0,16.0,1.321570631604192,0.9533791876033378,14.404824500178773,1.0,0.8,0.8,0.9642857142857143,0.6428571428571429,0.6666666666666666,0.7142857142857143,0.75,0.7,0.9310344827586207,0.8045977011494253,0.7901234567901234,0.9,0.7,0.6666666666666666,0.896551724137931,0.6896551724137931,0.6923076923076923,0.8571428571428571,0.8214285714285714,0.875,0.8953488372093024,0.8604651162790697,0.8831168831168831,137.0,23.0,7.0,6.0,6.0,6.0,137.0,23.0,7.0,6.0,6.0,6.0,0.3333333333333333,0.5882352941176471,0.7377049180327869,,0.5952380952380952,0.6612903225806451,0.6517857142857143,25.0,11.0,14.0,12.0,13.0,59.0,1.5896965197021393,1.0923886779483696,8.595744561287724,0.3269230769230769,0.3269230769230769,0.9027027027027027,0.6268656716417911,0.09299342632675967
2022-07-05_15h31.02.716,0.8660130718954249,0.7483660130718954,9.0,7.0,3.0,1.0,5.0,27.0,1.2792851003500485,1.691182411467583,4.009507075570195,9.0,7.0,3.0,1.0,5.0,27.0,1.2732450753854725,1.6821617674897642,26.92629162118775,2.0,1.0,3.0,3.0,3.0,16.0,1.3596739119593808,1.1623238890987921,26.92629162118775,6.0,10.0,0.0,1.0,13.0,20.0,1.0392678103146333,1.1442038144257285,26.92629162118775,10.0,3.0,9.0,6.0,5.0,17.0,0.8131727927062985,1.1798772766257895,26.92629162118775,1.0,0.5,0.5,0.7857142857142857,0.7142857142857143,0.7272727272727273,0.75,0.8571428571428571,0.8571428571428571,0.9195402298850575,0.6666666666666666,0.65,0.9,0.9,0.8888888888888888,0.9310344827586207,0.6551724137931034,0.6296296296296297,0.7142857142857143,0.8214285714285714,0.8,0.8837209302325582,0.8255813953488372,0.868421052631579,77.0,36.0,24.0,15.0,18.0,15.0,77.0,36.0,24.0,15.0,18.0,15.0,0.4,0.7857142857142857,0.68,1.0,0.6052631578947368,0.6721311475409836,0.64,21.0,14.0,12.0,11.0,22.0,54.0,1.049152499082178,1.255416150733951,4.009507075570195,0.6346153846153846,0.6346153846153846,0.7405405405405405,0.6492537313432836,0.21842105263157896
2022-07-05_16h29.47.151,0.8758169934640523,0.7549019607843137,18.0,10.0,4.0,2.0,8.0,10.0,0.17650390851889233,0.8658417913765528,12.90587406184368,18.0,10.0,4.0,2.0,8.0,10.0,0.17639062417968068,0.8657107373279016,23.26892563350266,8.0,1.0,4.0,1.0,4.0,10.0,0.4816918657013835,1.0275114665150042,23.26892563350266,12.0,5.0,2.0,2.0,8.0,22.0,0.6725388214815591,1.1458424671125351,23.26892563350266,19.0,1.0,2.0,6.0,5.0,17.0,0.34891618050910317,1.3515513876189928,23.26892563350266,1.0,1.0,1.0,1.0,0.75,0.75,0.75,0.8928571428571429,0.9047619047619048,0.9310344827586207,0.6666666666666666,0.6419753086419753,1.0,1.0,1.0,0.8620689655172413,0.6551724137931034,0.68,0.8214285714285714,0.9642857142857143,1.0,0.813953488372093,0.7093023255813954,0.7857142857142857,79.0,27.0,12.0,22.0,11.0,34.0,79.0,27.0,12.0,22.0,11.0,34.0,0.4,0.5357142857142857,0.6274509803921569,,0.5483870967741935,0.5847457627118644,0.5957446808510638,42.0,7.0,8.0,9.0,17.0,51.0,0.521792333631473,1.349746531752478,12.90587406184368,0.38461538461538464,0.38461538461538464,0.6378378378378379,0.5746268656716418,0.14373897707231043
2022-07-06_09h03.35.813,0.7973856209150327,0.477124183006536,1.0,19.0,13.0,8.0,9.0,2.0,0.7563293168166282,0.9719221695609176,9.874269678540555,1.0,19.0,13.0,8.0,9.0,2.0,0.7577004475077538,0.9737797742005017,27.721541211487477,2.0,8.0,12.0,8.0,4.0,12.0,1.2789062530007849,1.39067820228693,27.721541211487477,2.0,6.0,1.0,2.0,6.0,1.0,0.8199048402735621,1.3525650427256088,27.721541211487477,6.0,13.0,8.0,6.0,12.0,5.0,0.8372697638290535,1.3570491811478882,27.721541211487477,1.0,1.0,1.0,0.9285714285714286,0.07142857142857142,0.07692307692307693,0.6785714285714286,0.9642857142857143,0.9473684210526315,0.7586206896551724,0.28735632183908044,0.30303030303030304,1.0,0.9,0.9,0.9310344827586207,0.27586206896551724,0.2962962962962963,0.6785714285714286,0.9642857142857143,1.0,0.7790697674418605,0.4418604651162791,0.47761194029850745,46.0,64.0,52.0,17.0,5.0,1.0,46.0,64.0,52.0,17.0,5.0,1.0,0.2,0.5217391304347826,0.5,0.26666666666666666,0.6428571428571429,0.5346534653465347,0.46511627906976744,13.0,32.0,28.0,18.0,25.0,18.0,0.9202070331117334,1.3203911417218774,9.874269678540555,0.36538461538461536,0.36538461538461536,0.8756756756756757,0.4552238805970149,0.17458163726820441
2022-07-06_10h02.29.464,0.7843137254901961,0.6372549019607843,8.0,13.0,13.0,11.0,6.0,1.0,-0.6232509234083249,1.1104772094552704,1.8261162151612171,8.0,13.0,13.0,11.0,6.0,1.0,-0.6223522951973671,1.1093254400331918,15.887461681215566,17.0,4.0,5.0,8.0,4.0,2.0,-1.1256630363472955,1.8340400053968797,15.887461681215566,11.0,8.0,4.0,0.0,1.0,3.0,-1.2444791247913345,1.9147157175373815,15.887461681215566,20.0,12.0,6.0,8.0,4.0,0.0,-1.268616465686256,1.4137385982686241,15.887461681215566,0.9,0.9,0.8888888888888888,1.0,0.5714285714285714,0.5714285714285714,0.6428571428571429,0.9285714285714286,0.8888888888888888,0.7931034482758621,0.45977011494252873,0.4057971014492754,1.0,0.7,0.7,0.896551724137931,0.6896551724137931,0.6923076923076923,0.5714285714285714,0.75,0.875,0.7441860465116279,0.6511627906976745,0.609375,7.0,24.0,44.0,55.0,40.0,15.0,7.0,24.0,44.0,55.0,40.0,15.0,0.3333333333333333,0.35,0.14814814814814814,0.2,0.18181818181818182,0.23809523809523808,0.2028985507246377,51.0,27.0,21.0,20.0,9.0,6.0,-1.220515089937553,1.5601080060589871,1.8261162151612171,0.34615384615384615,0.34615384615384615,0.40540540540540543,0.26119402985074625,0.2035778985507246
2022-07-06_11h00.59.781,0.8660130718954249,0.5980392156862745,5.0,12.0,15.0,8.0,6.0,6.0,0.9850966615902673,0.9517973886497278,4.228250463840275,5.0,12.0,15.0,8.0,6.0,6.0,0.9875483720741653,0.9620917575354194,13.101864752515274,3.0,6.0,9.0,2.0,2.0,20.0,1.7473454785149705,1.5611922641983067,13.101864752515274,1.0,3.0,6.0,4.0,5.0,12.0,1.658926056325515,1.1264941591484516,13.101864752515274,4.0,1.0,10.0,2.0,6.0,27.0,2.086657854034547,1.5893223820343358,13.101864752515274,1.0,1.0,1.0,0.9642857142857143,0.32142857142857145,0.3333333333333333,0.7142857142857143,0.8214285714285714,0.8,0.8620689655172413,0.4482758620689655,0.44,1.0,1.0,1.0,1.0,0.41379310344827586,0.41379310344827586,0.6428571428571429,0.9642857142857143,0.9444444444444444,0.8837209302325582,0.6162790697674418,0.6710526315789473,73.0,63.0,35.0,6.0,4.0,4.0,73.0,63.0,35.0,6.0,4.0,4.0,0.16666666666666666,0.5714285714285714,0.6774193548387096,0.4,0.75,0.6695652173913044,0.6307692307692307,9.0,14.0,28.0,10.0,13.0,60.0,1.7865433258117966,1.391652909974032,4.228250463840275,0.38461538461538464,0.38461538461538464,0.9243243243243243,0.6194029850746269,0.23105263157894734
2022-07-06_12h28.12.803,0.9313725490196079,0.7287581699346405,7.0,3.0,2.0,5.0,7.0,28.0,1.2008600788738524,1.2756594930896754,10.727545901713615,7.0,3.0,2.0,5.0,7.0,28.0,1.201316795984401,1.276966813048736,19.1798657205943,3.0,1.0,2.0,3.0,4.0,15.0,1.1184616945602435,1.0867394804572539,19.1798657205943,3.0,3.0,6.0,1.0,2.0,39.0,1.758770654058634,1.439413226423135,19.1798657205943,9.0,1.0,4.0,3.0,6.0,27.0,1.2056466525230185,1.5025098260312333,19.1798657205943,1.0,0.5,0.5,0.8928571428571429,0.8928571428571429,0.92,0.8571428571428571,0.6785714285714286,0.625,0.9655172413793104,0.6666666666666666,0.6666666666666666,1.0,0.4,0.4,0.9310344827586207,0.7931034482758621,0.7777777777777778,0.7857142857142857,0.5357142857142857,0.5454545454545454,0.9651162790697675,0.8604651162790697,0.8554216867469879,71.0,38.0,31.0,11.0,9.0,25.0,71.0,38.0,31.0,11.0,9.0,25.0,0.0,0.7857142857142857,0.7777777777777778,0.0,0.6756756756756757,0.7596899224806202,0.71875,16.0,5.0,13.0,7.0,12.0,81.0,1.4928616216693773,1.4702001449605326,10.727545901713615,0.7692307692307693,0.7692307692307693,0.7567567567567568,0.746268656716418,0.1887550200803213
2022-07-07_10h53.25.000,0.8888888888888888,0.8006535947712419,1.0,7.0,10.0,14.0,9.0,11.0,1.6673880297597021,1.0343257805984096,6.512376319787114,1.0,7.0,10.0,14.0,9.0,11.0,1.691569738497282,1.0665363967585577,10.216376763047009,0.0,2.0,5.0,4.0,4.0,8.0,1.9316984127820205,1.2186057181926413,10.216376763047009,3.0,7.0,13.0,11.0,9.0,12.0,1.6110864688702362,1.19291123195187,10.216376763047009,4.0,11.0,11.0,12.0,5.0,7.0,1.2807361781238311,1.1575437482611002,10.216376763047009,1.0,1.0,1.0,1.0,0.7142857142857143,0.7142857142857143,0.6785714285714286,0.9642857142857143,1.0,0.9195402298850575,0.7241379310344828,0.7,1.0,0.9,0.9,1.0,0.7931034482758621,0.7931034482758621,0.7857142857142857,0.9285714285714286,0.9090909090909091,0.8604651162790697,0.7790697674418605,0.7972972972972973,80.0,53.0,41.0,10.0,0.0,1.0,80.0,53.0,41.0,10.0,0.0,1.0,0.0,0.6956521739130435,0.5818181818181818,,0.5161290322580645,0.6016949152542372,0.5050505050505051,7.0,23.0,32.0,27.0,18.0,27.0,1.5031148913839152,1.1370986246434847,6.512376319787114,0.6538461538461539,0.6538461538461539,0.9405405405405406,0.5373134328358209,0.0972972972972973
2022-07-07_12h34.55.191,0.8954248366013072,0.7875816993464052,1.0,4.0,16.0,9.0,9.0,13.0,1.4843651242592435,1.5055376024707858,8.130827925372568,1.0,4.0,16.0,9.0,9.0,13.0,1.514246029071018,1.5465023257436576,15.005484439669585,0.0,1.0,5.0,6.0,7.0,7.0,1.7538041730258782,1.4449242485558798,15.005484439669585,0.0,3.0,7.0,7.0,13.0,17.0,2.0687831247477906,1.5790594732571597,15.005484439669585,2.0,8.0,7.0,9.0,13.0,11.0,1.4503967431904958,1.6942687336178863,15.005484439669585,1.0,0.9,0.9,1.0,0.6428571428571429,0.6428571428571429,0.8571428571428571,0.9642857142857143,0.9583333333333334,0.8620689655172413,0.6666666666666666,0.64,1.0,0.9,0.9,0.896551724137931,0.6551724137931034,0.6153846153846154,0.8928571428571429,0.9285714285714286,0.96,0.8837209302325582,0.872093023255814,0.868421052631579,19.0,61.0,83.0,17.0,4.0,1.0,19.0,61.0,83.0,17.0,4.0,1.0,0.2222222222222222,0.7692307692307693,0.7872340425531915,0.0,0.7142857142857143,0.7586206896551724,0.6836734693877551,2.0,15.0,25.0,23.0,34.0,35.0,1.6711529457154934,1.496911987489232,8.130827925372568,0.5961538461538461,0.5961538461538461,0.8810810810810811,0.6865671641791045,0.22842105263157897
2022-07-07_13h31.02.890,0.869281045751634,0.5816993464052288,6.0,13.0,4.0,18.0,6.0,5.0,-0.5226962461975899,1.3255433173619222,26.42167537635926,6.0,13.0,4.0,18.0,6.0,5.0,-0.44510886293446417,1.5241890477951312,205.50382373229417,25.0,21.0,6.0,7.0,4.0,3.0,-1.2737679645035722,1.0695020627592087,205.50382373229417,3.0,3.0,2.0,0.0,0.0,1.0,1.0595828459989716,1.9694864637314564,205.50382373229417,18.0,17.0,6.0,6.0,3.0,0.0,-0.6853387166349583,0.8104533639657274,205.50382373229417,1.0,1.0,1.0,1.0,0.6071428571428571,0.6071428571428571,0.7142857142857143,1.0,1.0,0.8850574712643678,0.1839080459770115,0.11688311688311688,1.0,1.0,1.0,0.9655172413793104,0.5862068965517241,0.6071428571428571,0.75,1.0,1.0,0.8372093023255814,0.6046511627906976,0.6666666666666666,8.0,8.0,32.0,71.0,48.0,18.0,8.0,8.0,32.0,71.0,48.0,18.0,0.5,0.21212121212121213,0.1111111111111111,1.0,0.13043478260869565,0.15789473684210525,0.21428571428571427,47.0,43.0,14.0,15.0,10.0,5.0,-1.4981107729200291,1.4702644259513242,26.42167537635926,0.5576923076923077,0.5576923076923077,0.2594594594594595,0.22388059701492538,0.5497835497835497
2022-07-07_14h52.56.649,0.7254901960784313,0.4150326797385621,6.0,8.0,31.0,2.0,0.0,5.0,0.4409059966643217,0.9398194553939685,11.929678294509621,6.0,8.0,31.0,2.0,0.0,5.0,0.44154270680614305,0.9403193446004988,16.90930988063024,9.0,8.0,20.0,1.0,1.0,13.0,0.6243485393171125,1.4582642709448912,16.90930988063024,1.0,1.0,5.0,0.0,0.0,2.0,0.6974137105043895,1.2313123154848855,16.90930988063024,15.0,6.0,16.0,0.0,3.0,10.0,0.2941766930808479,1.7063241898306845,16.90930988063024,0.9,1.0,1.0,1.0,0.07142857142857142,0.07142857142857142,0.6428571428571429,1.0,1.0,0.7126436781609196,0.1839080459770115,0.14516129032258066,0.9,0.9,1.0,0.9655172413793104,0.27586206896551724,0.25,0.6071428571428571,1.0,1.0,0.5930232558139535,0.3023255813953488,0.3137254901960784,46.0,46.0,71.0,11.0,6.0,5.0,46.0,46.0,71.0,11.0,6.0,5.0,0.0,0.28846153846153844,0.2222222222222222,0.1875,0.2857142857142857,0.2777777777777778,0.26666666666666666,31.0,17.0,53.0,3.0,4.0,26.0,0.40658209972953213,1.45636988277888,11.929678294509621,0.1346153846153846,0.1346153846153846,0.8810810810810811,0.2462686567164179,0.16856419987349777
2022-07-08_10h00.24.019,0.803921568627451,0.6830065359477124,6.0,14.0,11.0,7.0,5.0,9.0,0.09921456536310498,1.0280951055194854,5.07640448186735,6.0,14.0,11.0,7.0,5.0,9.0,0.09936928301348961,1.0286045753105524,10.980752454538923,1.0,4.0,8.0,2.0,1.0,2.0,0.09817734096966796,0.808572128791915,10.980752454538923,5.0,13.0,13.0,8.0,4.0,13.0,0.2420820686884496,1.0442233170350887,10.980752454538923,3.0,12.0,11.0,9.0,5.0,10.0,0.2659729229033851,0.9314497865403338,10.980752454538923,0.8,0.3,0.25,0.7857142857142857,0.4642857142857143,0.45454545454545453,0.8214285714285714,0.42857142857142855,0.391304347826087,0.8735632183908046,0.7586206896551724,0.7631578947368421,0.8,0.4,0.5,0.7241379310344828,0.7931034482758621,0.7142857142857143,0.6428571428571429,0.6428571428571429,0.6666666666666666,0.813953488372093,0.813953488372093,0.8857142857142857,23.0,58.0,33.0,32.0,11.0,28.0,23.0,58.0,33.0,32.0,11.0,28.0,0.2857142857142857,0.2777777777777778,0.44642857142857145,0.3333333333333333,0.59375,0.45132743362831856,0.47572815533980584,10.0,33.0,34.0,20.0,12.0,25.0,0.2011207007350272,0.9294776400389345,5.07640448186735,0.40384615384615385,0.40384615384615385,0.6162162162162163,0.4253731343283582,0.12255639097744353
2022-07-08_10h33.44.667,0.8496732026143791,0.7810457516339869,0.0,8.0,9.0,9.0,13.0,13.0,0.7467654614207383,0.7736916790500109,7.088812438230496,0.0,8.0,9.0,9.0,13.0,13.0,0.7481001961548277,0.7772685081046201,18.709382667641066,0.0,4.0,1.0,4.0,1.0,11.0,1.0387366787406933,1.2166325121271815,18.709382667641066,4.0,7.0,11.0,6.0,5.0,23.0,0.8658218775700082,1.2633282709987836,18.709382667641066,1.0,6.0,10.0,1.0,7.0,25.0,1.1127422979134671,1.1934333546136537,18.709382667641066,1.0,0.9,0.9,0.9642857142857143,0.7142857142857143,0.7037037037037037,0.75,0.8571428571428571,0.8571428571428571,0.9080459770114943,0.7241379310344828,0.7341772151898734,0.9,0.9,0.8888888888888888,0.9310344827586207,0.5862068965517241,0.6296296296296297,0.6071428571428571,0.7857142857142857,0.8235294117647058,0.813953488372093,0.872093023255814,0.9142857142857143,31.0,58.0,42.0,22.0,11.0,21.0,31.0,58.0,42.0,22.0,11.0,21.0,0.75,0.7619047619047619,0.6071428571428571,0.3333333333333333,0.6571428571428571,0.652542372881356,0.6407766990291263,6.0,18.0,23.0,11.0,14.0,62.0,1.0547058232639335,1.2511221758446138,7.088812438230496,0.6730769230769231,0.6730769230769231,0.7081081081081081,0.6492537313432836,0.1801084990958408
2022-07-08_12h30.50.761,0.9150326797385621,0.6928104575163399,19.0,5.0,4.0,3.0,6.0,15.0,1.5259207022002597,0.9703294920044762,2.8890194550782717,19.0,5.0,4.0,3.0,6.0,15.0,1.526956965578681,0.9751891257235503,8.022547954689212,7.0,2.0,0.0,2.0,3.0,29.0,2.490518951918916,1.3770362784455146,8.022547954689212,8.0,4.0,0.0,1.0,3.0,19.0,2.0497947758774457,1.2234183788473636,8.022547954689212,11.0,5.0,5.0,3.0,6.0,20.0,1.8143957914617626,0.8687584461281985,8.022547954689212,1.0,1.0,1.0,0.9642857142857143,0.75,0.7407407407407407,0.8928571428571429,0.9285714285714286,0.92,0.9195402298850575,0.4827586206896552,0.45,1.0,1.0,1.0,0.9310344827586207,0.7586206896551724,0.7407407407407407,0.8571428571428571,0.9642857142857143,0.9583333333333334,0.8953488372093024,0.627906976744186,0.6363636363636364,165.0,10.0,4.0,2.0,1.0,3.0,165.0,10.0,4.0,2.0,1.0,3.0,0.0,0.7906976744186046,0.6571428571428571,1.0,0.5862068965517241,0.6991869918699187,0.5753424657534246,30.0,12.0,5.0,6.0,12.0,69.0,2.0876558830353376,1.2613008066004598,2.8890194550782717,0.46153846153846156,0.46153846153846156,0.9675675675675676,0.6492537313432836,0.18636363636363634
2022-07-11_11h04.03.027,0.8464052287581699,0.6470588235294118,21.0,6.0,0.0,1.0,1.0,23.0,0.8614200819383157,0.7780108858993015,7.9411691515115015,21.0,6.0,0.0,1.0,1.0,23.0,0.7170108994717825,0.32056285161234466,106.6118461553464,17.0,2.0,1.0,1.0,0.0,25.0,1.0634171770528167,0.2950866384553224,106.6118461553464,5.0,1.0,0.0,1.0,0.0,20.0,1.3769319050371207,0.4985742136797462,106.6118461553464,18.0,1.0,1.0,2.0,2.0,26.0,1.1750309894721707,0.42535401925642086,106.6118461553464,1.0,0.7,0.7,0.9285714285714286,0.6785714285714286,0.6538461538461539,0.75,0.7142857142857143,0.7619047619047619,0.8620689655172413,0.40229885057471265,0.37333333333333335,0.9,0.6,0.5555555555555556,0.9655172413793104,0.6896551724137931,0.6785714285714286,0.6785714285714286,0.7142857142857143,0.7368421052631579,0.8255813953488372,0.8255813953488372,0.8309859154929577,140.0,4.0,4.0,8.0,2.0,27.0,140.0,4.0,4.0,8.0,2.0,27.0,0.2857142857142857,0.5652173913043478,0.7777777777777778,0.25,0.6176470588235294,0.6403508771929824,0.6363636363636364,47.0,5.0,2.0,4.0,2.0,74.0,1.1558710837617259,1.2894090583594064,7.9411691515115015,0.4807692307692308,0.4807692307692308,0.8,0.5970149253731343,0.4576525821596244
2022-07-11_12h24.32.322,0.9019607843137255,0.5555555555555556,22.0,1.0,3.0,2.0,0.0,24.0,1.6261848593161377,1.640445097867529,3.8773325425511627,22.0,1.0,3.0,2.0,0.0,24.0,1.6267126731226085,1.6448171473306863,8.306321793403121,8.0,0.0,2.0,1.0,1.0,42.0,2.798054641632499,1.5326793868532338,8.306321793403121,8.0,1.0,0.0,0.0,0.0,16.0,2.115705593029984,1.6898875268329083,8.306321793403121,15.0,0.0,2.0,2.0,0.0,31.0,2.2523815400990808,1.8520600862200698,8.306321793403121,1.0,1.0,1.0,1.0,0.35714285714285715,0.35714285714285715,0.8214285714285714,1.0,1.0,0.9310344827586207,0.2988505747126437,0.30864197530864196,1.0,1.0,1.0,1.0,0.1724137931034483,0.1724137931034483,0.75,0.9642857142857143,0.9523809523809523,0.8604651162790697,0.627906976744186,0.7027027027027027,168.0,5.0,4.0,2.0,2.0,4.0,168.0,5.0,4.0,2.0,2.0,4.0,0.0,0.8148148148148148,0.64,0.0,0.8518518518518519,0.775,0.7272727272727273,35.0,1.0,5.0,3.0,1.0,89.0,2.8308840565870446,2.5007047656327317,3.8773325425511627,0.5,0.5,0.9567567567567568,0.6940298507462687,0.3940607273940608
2022-07-11_13h59.46.198,0.9150326797385621,0.7189542483660131,15.0,15.0,3.0,4.0,2.0,13.0,1.1817324061274632,0.9299045267469875,7.668914583364017,15.0,15.0,3.0,4.0,2.0,13.0,1.1820986335342138,0.9311160321751919,14.065982129066812,1.0,1.0,0.0,0.0,1.0,21.0,2.7010308190618906,1.3346320524810036,14.065982129066812,2.0,9.0,1.0,2.0,5.0,36.0,2.1095599045627087,0.936228712789051,14.065982129066812,6.0,6.0,4.0,2.0,4.0,28.0,1.9185402738116404,1.0771239710302591,14.065982129066812,1.0,1.0,1.0,1.0,0.75,0.75,0.8214285714285714,0.8928571428571429,0.8695652173913043,0.9310344827586207,0.6781609195402298,0.691358024691358,1.0,0.9,0.9,1.0,0.5517241379310345,0.5517241379310345,0.75,0.8928571428571429,0.8571428571428571,0.9069767441860465,0.6395348837209303,0.6410256410256411,141.0,25.0,10.0,4.0,0.0,5.0,141.0,25.0,10.0,4.0,0.0,5.0,0.5,0.9166666666666666,0.7818181818181819,0.0,0.75,0.7983870967741935,0.7613636363636364,11.0,16.0,7.0,5.0,10.0,85.0,2.1867345913767195,1.1273520127665764,7.668914583364017,0.36538461538461536,0.36538461538461536,0.9513513513513514,0.746268656716418,-0.05033238366571691
2022-07-11_14h57.30.434,0.8660130718954249,0.6372549019607843,7.0,10.0,7.0,9.0,4.0,15.0,0.728487622054728,0.9899342954570631,13.941486490144676,7.0,10.0,7.0,9.0,4.0,15.0,0.727832360730322,0.987950850598927,20.6493430908807,4.0,3.0,3.0,2.0,6.0,21.0,1.3334494195723272,1.2991563111759876,20.6493430908807,3.0,2.0,1.0,2.0,9.0,17.0,1.2834377149661504,1.0965250038597523,20.6493430908807,13.0,2.0,2.0,2.0,1.0,30.0,1.7544231485253676,3.0763872231238345,20.6493430908807,1.0,0.7,0.7,0.8928571428571429,0.5714285714285714,0.64,0.9285714285714286,0.8571428571428571,0.8846153846153846,0.8620689655172413,0.5057471264367817,0.4533333333333333,0.8,0.8,0.75,0.896551724137931,0.6206896551724138,0.6153846153846154,0.75,0.7857142857142857,0.9523809523809523,0.8604651162790697,0.6511627906976745,0.6756756756756757,68.0,48.0,28.0,15.0,7.0,19.0,68.0,48.0,28.0,15.0,7.0,19.0,0.6,0.7435897435897436,0.8235294117647058,1.0,0.75,0.7586206896551724,0.75,20.0,8.0,9.0,7.0,18.0,72.0,1.4696813749759594,1.6366716074641774,13.941486490144676,0.5384615384615384,0.5384615384615384,0.7783783783783784,0.7238805970149254,0.22234234234234235
2022-07-11_16h46.39.902,0.826797385620915,0.3888888888888889,14.0,0.0,0.0,0.0,0.0,38.0,0.43667271163211857,0.3968471982931297,2.231343501301201,14.0,0.0,0.0,0.0,0.0,38.0,0.4655393851217644,0.4052843491701328,23.423649694405565,18.0,2.0,1.0,0.0,0.0,41.0,0.5153626841081841,0.8280312329557993,23.423649694405565,7.0,0.0,0.0,0.0,0.0,4.0,0.057891636863872206,0.5621568681756502,23.423649694405565,18.0,1.0,0.0,0.0,0.0,31.0,0.4066261794701571,1.011435651207282,23.423649694405565,0.9,0.9,0.8888888888888888,0.8928571428571429,0.17857142857142858,0.2,0.75,0.9642857142857143,0.9523809523809523,0.8620689655172413,0.16091954022988506,0.16,1.0,1.0,1.0,0.6896551724137931,0.1724137931034483,0.1,0.7857142857142857,0.8928571428571429,0.8636363636363636,0.8255813953488372,0.27906976744186046,0.28169014084507044,108.0,2.0,0.0,0.0,0.0,75.0,108.0,2.0,0.0,0.0,0.0,75.0,1.0,0.6612903225806451,0.36363636363636365,0.6,0.6363636363636364,0.6120689655172413,0.5,47.0,3.0,1.0,0.0,0.0,83.0,0.39393133610347203,0.5341835148773966,2.231343501301201,0.7307692307692307,0.7307692307692307,0.5945945945945946,0.6194029850746269,0.12169014084507043
2022-07-12_14h50.11.074,0.9019607843137255,0.7745098039215687,2.0,14.0,11.0,0.0,3.0,22.0,0.3302585958037025,1.3076488040095355,5.861552778702322,2.0,14.0,11.0,0.0,3.0,22.0,0.3343733688924987,1.3103347530340188,23.609915627189487,2.0,6.0,1.0,0.0,4.0,9.0,0.25572576711159456,1.4814820554042858,23.609915627189487,7.0,9.0,15.0,0.0,7.0,18.0,0.12389730543148551,1.3601828983246993,23.609915627189487,9.0,9.0,15.0,0.0,2.0,15.0,-0.09567381038505662,1.5048149331674374,23.609915627189487,1.0,1.0,1.0,0.9285714285714286,0.75,0.7692307692307693,0.8214285714285714,0.9642857142857143,0.9565217391304348,0.9195402298850575,0.7471264367816092,0.725,1.0,1.0,1.0,0.9655172413793104,0.6206896551724138,0.6071428571428571,0.7857142857142857,0.8928571428571429,0.9090909090909091,0.8953488372093024,0.7093023255813954,0.7142857142857143,10.0,48.0,64.0,0.0,19.0,44.0,10.0,48.0,64.0,0.0,19.0,44.0,0.16666666666666666,0.5909090909090909,0.44642857142857145,,0.42857142857142855,0.44166666666666665,0.422680412371134,18.0,28.0,32.0,0.0,13.0,43.0,0.05738990153445577,1.4441710005812962,5.861552778702322,0.4807692307692308,0.4807692307692308,0.6594594594594595,0.417910447761194,-0.010714285714285676
2022-07-12_16h35.24.445,0.8758169934640523,0.8431372549019608,13.0,0.0,9.0,4.0,1.0,25.0,1.4966500548665194,1.0719574816483197,5.09914367150196,13.0,0.0,9.0,4.0,1.0,25.0,1.4983977348244248,1.0815090173924657,11.54724233415348,6.0,0.0,0.0,0.0,0.0,10.0,1.6388995831204536,1.9415991679319025,11.54724233415348,30.0,1.0,7.0,1.0,0.0,24.0,0.9483071005438789,1.9050004135037926,11.54724233415348,30.0,1.0,6.0,2.0,1.0,10.0,0.5451093721075132,1.3006112968590224,11.54724233415348,1.0,1.0,1.0,1.0,0.9285714285714286,0.9285714285714286,0.75,0.9642857142857143,0.9523809523809523,0.9310344827586207,0.8045977011494253,0.7901234567901234,1.0,0.9,0.9,0.9655172413793104,0.7241379310344828,0.75,0.7142857142857143,0.75,0.75,0.813953488372093,0.8604651162790697,0.9142857142857143,144.0,9.0,20.0,1.0,1.0,10.0,144.0,9.0,20.0,1.0,1.0,10.0,0.2,0.625,0.3968253968253968,,0.3235294117647059,0.4051724137931034,0.34545454545454546,70.0,2.0,13.0,3.0,1.0,45.0,0.6733489363859617,2.1347084891006465,5.09914367150196,0.5769230769230769,0.5769230769230769,0.9351351351351351,0.3656716417910448,0.12416225749559084
2022-07-13_14h56.37.337,0.8202614379084967,0.5816993464052288,29.0,0.0,0.0,0.0,0.0,23.0,1.2430338822466422,0.9518424825049527,1.5511046626682736,29.0,0.0,0.0,0.0,0.0,23.0,1.2433134189891362,0.9489007411648561,4.29286387879773,6.0,0.0,0.0,0.0,0.0,35.0,1.833215215962547,0.5285638012100375,4.29286387879773,5.0,0.0,0.0,0.0,0.0,25.0,1.70978261783478,0.4414095626750785,4.29286387879773,19.0,0.0,0.0,0.0,0.0,31.0,1.610181174992973,0.8903875520351887,4.29286387879773,1.0,1.0,1.0,0.8928571428571429,0.5,0.48,0.8571428571428571,0.8571428571428571,0.875,0.8505747126436781,0.47126436781609193,0.43243243243243246,0.8,1.0,1.0,0.9655172413793104,0.4482758620689655,0.4642857142857143,0.6071428571428571,0.7857142857142857,0.7058823529411765,0.7558139534883721,0.5116279069767442,0.5692307692307692,171.0,0.0,0.0,1.0,0.0,13.0,171.0,0.0,0.0,1.0,0.0,13.0,0.3333333333333333,0.8536585365853658,0.8333333333333334,0.25,0.6190476190476191,0.8,0.6923076923076923,39.0,0.0,0.0,0.0,0.0,95.0,2.4292224794217807,2.0232459036537804,1.5511046626682736,0.4423076923076923,0.4423076923076923,0.9243243243243243,0.7089552238805971,0.13679833679833675
2022-07-15_12h01.55.598,0.8954248366013072,0.7810457516339869,1.0,4.0,1.0,0.0,2.0,44.0,2.1330301100923035,1.2696378043321837,8.552288191443015,1.0,4.0,1.0,0.0,2.0,44.0,2.1425615853828974,1.2776738611839213,14.947311575961958,2.0,2.0,1.0,0.0,1.0,23.0,1.8800987022927158,1.4412718098732167,14.947311575961958,1.0,4.0,1.0,4.0,2.0,39.0,1.7018347396566553,0.9882576756596757,14.947311575961958,3.0,3.0,2.0,4.0,5.0,33.0,1.4713632179841394,0.9779815958730046,14.947311575961958,1.0,1.0,1.0,0.8928571428571429,0.75,0.72,0.75,0.8928571428571429,0.9047619047619048,0.9425287356321839,0.6666666666666666,0.6463414634146342,1.0,0.9,0.9,0.9655172413793104,0.7241379310344828,0.7142857142857143,0.7857142857142857,0.9285714285714286,0.9090909090909091,0.8837209302325582,0.8023255813953488,0.8026315789473685,84.0,55.0,11.0,3.0,9.0,23.0,84.0,55.0,11.0,3.0,9.0,23.0,0.75,0.8275862068965517,0.8823529411764706,,0.8125,0.8617886178861789,0.851063829787234,7.0,9.0,4.0,8.0,8.0,98.0,1.8268207298897579,1.176726873625112,8.552288191443015,0.8846153846153846,0.8846153846153846,0.8108108108108109,0.8507462686567164,0.1562901155327343
2022-07-15_13h59.26.567,0.8333333333333334,0.6470588235294118,1.0,16.0,9.0,4.0,9.0,13.0,0.9223758287489993,1.1930497611927777,4.444328110589282,1.0,16.0,9.0,4.0,9.0,13.0,0.9284856116437818,1.207583147642506,16.827691262034676,0.0,5.0,3.0,6.0,3.0,13.0,1.3951997127060571,1.2829173412000483,16.827691262034676,1.0,13.0,2.0,4.0,9.0,18.0,1.2639215299520947,1.4663116051679734,16.827691262034676,0.0,17.0,9.0,4.0,5.0,15.0,0.9817120648727578,1.2186136846172935,16.827691262034676,1.0,1.0,1.0,0.9285714285714286,0.39285714285714285,0.38461538461538464,0.6428571428571429,0.8214285714285714,0.7222222222222222,0.9080459770114943,0.5632183908045977,0.5949367088607594,1.0,0.9,0.9,0.8620689655172413,0.5517241379310345,0.52,0.6785714285714286,0.8214285714285714,0.8421052631578947,0.7906976744186046,0.6627906976744186,0.6470588235294118,13.0,118.0,19.0,15.0,13.0,7.0,13.0,118.0,19.0,15.0,13.0,7.0,0.0,0.7333333333333333,0.6595744680851063,0.2,0.6666666666666666,0.6695652173913044,0.5903614457831325,2.0,40.0,14.0,14.0,18.0,46.0,1.1481992402211225,1.3086967986664386,4.444328110589282,0.5,0.5,0.8108108108108109,0.582089552238806,0.05212211466865235
2022-07-15_16h00.25.166,0.9117647058823529,0.7581699346405228,4.0,5.0,11.0,8.0,11.0,13.0,1.1674923802119133,1.2393292957350992,8.258470642205275,4.0,5.0,11.0,8.0,11.0,13.0,1.1654073582638387,1.2362342945034979,22.73526093638546,3.0,1.0,3.0,2.0,11.0,18.0,1.8470581233385792,1.6145161806605768,22.73526093638546,2.0,8.0,1.0,5.0,4.0,18.0,1.6494927853060068,1.7569369117053488,22.73526093638546,7.0,9.0,4.0,3.0,7.0,20.0,1.3592867095556147,1.99153641129946,22.73526093638546,1.0,1.0,1.0,1.0,0.7142857142857143,0.7142857142857143,0.8214285714285714,0.7857142857142857,0.7391304347826086,0.896551724137931,0.5287356321839081,0.48717948717948717,1.0,0.9,0.9,0.9655172413793104,0.7586206896551724,0.75,0.7857142857142857,0.9285714285714286,0.9545454545454546,0.9302325581395349,0.8953488372093024,0.9,45.0,75.0,25.0,25.0,11.0,4.0,45.0,75.0,25.0,25.0,11.0,4.0,0.5714285714285714,0.8157894736842105,0.7105263157894737,0.0,0.6578947368421053,0.7355371900826446,0.6551724137931034,14.0,18.0,10.0,14.0,22.0,56.0,1.6025356596714533,1.8283547660520734,8.258470642205275,0.6153846153846154,0.6153846153846154,0.7837837837837838,0.6865671641791045,0.41282051282051285
2022-07-15_17h02.04.569,0.8627450980392157,0.761437908496732,0.0,11.0,9.0,7.0,4.0,21.0,1.5191941136320843,1.5165732272797356,5.292760982882535,0.0,11.0,9.0,7.0,4.0,21.0,1.569170947338362,1.5791006807992805,17.884095495371604,0.0,3.0,2.0,2.0,3.0,24.0,2.7981991281372323,2.1372636277624926,17.884095495371604,0.0,3.0,7.0,5.0,10.0,12.0,1.6169066117223767,1.1897149484924727,17.884095495371604,0.0,12.0,12.0,3.0,3.0,20.0,1.4676500762271858,1.638309584700337,17.884095495371604,1.0,0.9,0.9,0.9642857142857143,0.8928571428571429,0.8888888888888888,0.8214285714285714,0.8928571428571429,0.8695652173913043,0.8390804597701149,0.5517241379310345,0.5205479452054794,1.0,1.0,1.0,0.9655172413793104,0.7586206896551724,0.7857142857142857,0.6785714285714286,0.8928571428571429,0.9473684210526315,0.8604651162790697,0.8023255813953488,0.8378378378378378,12.0,101.0,54.0,10.0,5.0,3.0,12.0,101.0,54.0,10.0,5.0,3.0,0.0,0.8529411764705882,0.7297297297297297,0.75,0.5714285714285714,0.7168141592920354,0.5581395348837209,0.0,23.0,26.0,10.0,17.0,58.0,1.7024838353694258,1.4517595405305075,5.292760982882535,0.6153846153846154,0.6153846153846154,0.9027027027027027,0.6343283582089553,0.3172898926323584
2022-07-17_12h00.56.937,0.8758169934640523,0.8660130718954249,6.0,6.0,10.0,14.0,7.0,9.0,0.812932086274586,1.3902490932518816,11.128180386816238,6.0,6.0,10.0,14.0,7.0,9.0,0.8134791038449005,1.3889765079695175,21.008735180319054,0.0,2.0,1.0,2.0,5.0,3.0,1.2028237586946116,1.2724804612997291,21.008735180319054,2.0,7.0,8.0,11.0,14.0,16.0,1.30290224384378,1.3102785430231036,21.008735180319054,3.0,16.0,7.0,4.0,10.0,10.0,0.809542199912451,1.4397631238403112,21.008735180319054,1.0,0.8,0.8,1.0,0.8214285714285714,0.8214285714285714,0.7142857142857143,0.9285714285714286,0.95,0.8390804597701149,0.8390804597701149,0.821917808219178,1.0,0.7,0.7,1.0,0.8275862068965517,0.8275862068965517,0.8214285714285714,0.9642857142857143,1.0,0.872093023255814,0.8953488372093024,0.9066666666666666,25.0,84.0,33.0,26.0,14.0,3.0,25.0,84.0,33.0,26.0,14.0,3.0,0.6666666666666666,0.7692307692307693,0.7068965517241379,0.0,0.4722222222222222,0.6460176991150443,0.6086956521739131,6.0,28.0,17.0,22.0,31.0,30.0,1.089249529002576,1.3346344200741,11.128180386816238,0.5769230769230769,0.5769230769230769,0.7675675675675676,0.6194029850746269,0.08474885844748858
2022-07-17_12h44.39.138,0.8758169934640523,0.7647058823529411,3.0,6.0,5.0,6.0,8.0,24.0,1.5196986920933884,1.1767677411615287,9.610814652799348,3.0,6.0,5.0,6.0,8.0,24.0,1.5206680838452133,1.177232115063388,14.109848731790953,2.0,1.0,2.0,0.0,4.0,25.0,2.4171299504964203,1.7659368465127534,14.109848731790953,3.0,6.0,4.0,3.0,6.0,20.0,1.5076768731582701,1.3027301260119626,14.109848731790953,5.0,5.0,9.0,2.0,5.0,24.0,1.4980272109626676,1.4238722348833994,14.109848731790953,0.9,0.9,1.0,0.9642857142857143,0.75,0.7407407407407407,0.7142857142857143,0.8214285714285714,0.8,0.896551724137931,0.5862068965517241,0.5384615384615384,1.0,0.8,0.8,0.9310344827586207,0.8275862068965517,0.8518518518518519,0.7142857142857143,1.0,1.0,0.8953488372093024,0.813953488372093,0.8571428571428571,78.0,45.0,31.0,18.0,5.0,8.0,78.0,45.0,31.0,18.0,5.0,8.0,0.625,0.8529411764705882,0.6904761904761905,,0.7027027027027027,0.7333333333333333,0.6853932584269663,11.0,13.0,16.0,5.0,17.0,72.0,1.792057522120147,1.500447884303918,9.610814652799348,0.7307692307692307,0.7307692307692307,0.8324324324324325,0.7014925373134329,0.31868131868131866
